,0,0
0,0,YLR197W
1,0,YDL014W
2,0,YOR039W
3,0,YOR061W
4,1,YDR473C
5,2,YPR178W
6,2,YOR332W
7,3,YLR447C
8,2,YER090W
9,2,YKL211C
10,2,YDR394W
11,2,YGR232W
12,2,YER021W
13,2,YPR108W
14,3,YPR029C
15,2,YKL135C
16,7,YIL106W
17,7,YGR092W
18,3,YKL166C
19,3,YIL033C
20,2,YGL026C
21,0,YGL019W
22,5,YGL115W
23,12,YER027C
24,0,YGL049C
25,0,YGR162W
26,2,YOR117W
27,4,YDL140C
28,4,YML010W
29,8,YLR291C
30,8,YKR026C
31,10,YGR158C
32,10,YDL111C
33,12,YDR328C
34,12,YDL132W
35,3,YOL094C
36,3,YNL290W
37,12,YDR460W
38,2,YPR025C
39,4,YBR154C
40,4,YOR341W
41,2,YOR116C
42,13,YIL062C
43,13,YKL013C
44,4,YOR207C
45,0,YPR010C
46,12,YDR477W
47,8,YGR083C
48,0,YPL093W
49,0,YDR496C
50,0,YER006W
51,0,YMR049C
52,0,YMR290C
53,2,YFR052W
54,2,YHR200W
55,2,YOR261C
56,2,YFR004W
57,0,YHR052W
58,2,YOR259C
59,2,YDR280W
60,10,YGR195W
61,8,YOR260W
62,8,YDR211W
63,10,YMR193W
64,10,YML009C
65,0,YOL139C
66,4,YPR187W
67,4,YPR110C
68,0,YDR101C
69,0,YOL041C
70,0,YHR197W
71,1,YBL045C
72,1,YPR191W
73,3,YPL259C
74,0,YLL008W
75,0,YPL043W
76,14,YGL220W
77,14,YDR098C
78,0,YOR310C
79,6,YBL046W
80,6,YNL201C
81,0,YNL002C
82,0,YNL110C
83,3,YBR126C
84,7,YDR074W
85,0,YKL014C
86,11,YCR077C
87,11,YJL124C
88,3,YLR208W
89,3,YDL195W
90,12,YHR107C
91,12,YJR076C
92,4,YIL021W
93,0,YPL012W
94,14,YGL237C
95,14,YOR358W
96,0,YOL077C
97,12,YPL203W
98,0,YNL182C
99,11,YBL026W
100,0,YNL132W
101,0,YER126C
102,0,YLR409C
103,0,YLR129W
104,12,YMR146C
105,12,YDR429C
106,2,YMR061W
107,7,YDR228C
108,6,YIL112W
109,3,YBR103W
110,14,YJL203W
111,14,YDL043C
112,0,YLR222C
113,9,YBR251W
114,2,YBR146W
115,11,YDL160C
116,13,YLR370C
117,13,YBR234C
118,16,YLL036C
119,16,YPR101W
120,7,YBR135W
121,7,YBR160W
122,11,YOL149W
123,11,YEL015W
124,3,YBL056W
125,3,YDR071C
126,3,YKL057C
127,3,YGL092W
128,2,YGL122C
129,3,YOL123W
130,3,YDR448W
131,3,YGR252W
132,0,YPL126W
133,17,YJL098W
134,17,YKR028W
135,11,YER112W
136,2,YDL116W
137,0,YDL060W
138,7,YGL044C
139,2,YDL225W
140,12,YGL208W
141,0,YJL069C
142,0,YFR001W
143,2,YDR127W
144,2,YJR109C
145,0,YHR170W
146,3,YLR166C
147,2,YPR055W
148,3,YBR125C
149,0,YKR081C
150,2,YMR205C
151,2,YGR240C
152,0,YDR087C
153,11,YNL147W
154,0,YGR145W
155,0,YCL059C
156,4,YNL113W
157,0,YLR009W
158,17,YFR040W
159,7,YDL155W
160,7,YOR326W
161,8,YBR109C
162,3,YBR087W
163,3,YJR068W
164,11,YNL118C
165,0,YMR309C
166,12,YNL244C
167,21,YIR001C
168,0,YGR250C
169,7,YER081W
170,17,YIL074C
171,2,YER094C
172,2,YOR157C
173,0,YLR423C
174,3,YGL123W
175,3,YPL131W
176,2,YNL284C
177,9,YDR237W
178,9,YML025C
179,9,YGR220C
180,9,YMR158W
181,9,YHR147C
182,3,YOL040C
183,3,YBR031W
184,12,YLR015W
185,12,YDR469W
186,9,YKL170W
187,3,YGR034W
188,3,YJL190C
189,3,YHL019C
190,9,YMR188C
191,2,YNR037C
192,3,YDL191W
193,3,YOL127W
194,8,YFR030W
195,2,YJR137C
196,3,YDL136W
197,7,YNL056W
198,7,YNL099C
199,21,YDR388W
200,21,YCR009C
201,3,YGR086C
202,3,YDR490C
203,9,YLR340W
204,9,YGL068W
205,7,YFL022C
206,7,YLR060W
207,2,YNR012W
208,12,YDR020C
209,2,YBL038W
210,7,YNL032W
211,9,YDR041W
212,9,YJL063C
213,3,YHL015W
214,13,YML098W
215,13,YML015C
216,2,YNL306W
217,1,YDR298C
218,1,YBR039W
219,3,YML026C
220,2,YGR264C
221,2,YGL105W
222,7,YFR049W
223,7,YDR148C
224,2,YDR354W
225,2,YER178W
226,2,YBR221C
227,1,YJR121W
228,1,YBL099W
229,9,YPL183W-A
230,2,YNL071W
231,7,YKL103C
232,3,YOL082W
233,2,YGR193C
234,3,YGL112C
235,3,YMR236W
236,12,YDR022C
237,2,YDR190C
238,2,YPL235W
239,7,YJL026W
240,7,YER070W
241,0,YDR116C
242,12,YIL104C
243,0,YNL124W
244,3,YAL032C
245,3,YPL151C
246,2,YKL145W
247,0,YIL035C
248,2,YDL185W
249,0,YGR103W
250,17,YNR016C
251,16,YGL062W
252,17,YBR218C
253,0,YNL078W
254,0,YKR048C
255,0,YDR091C
256,0,YLR192C
257,2,YKL182W
258,17,YPL231W
259,3,YIL050W
260,3,YPL031C
261,4,YOR151C
262,7,YIL125W
263,16,YHR102W
264,16,YKL189W
265,3,YDR176W
266,6,YJR050W
267,16,YDR416W
268,0,YOR272W
269,2,YDL097C
270,0,YPR016C
271,14,YBL021C
272,0,YNL061W
273,2,YDR427W
274,2,YEL051W
275,7,YGR013W
276,7,YKL012W
277,2,YFL018C
278,21,YHR005C
279,21,YOR212W
280,3,YCL030C
281,3,YOR202W
282,9,YJR113C
283,3,YER059W
284,2,YBR256C
285,2,YDR487C
286,21,YPR051W
287,21,YEL053C
288,2,YDL007W
289,2,YMR189W
290,8,YAL044C
291,21,YDR301W
292,21,YNL317W
293,0,YLR175W
294,0,YAL035W
295,2,YKR068C
296,14,YDR472W
297,12,YBR055C
298,3,YOR270C
299,3,YCL010C
300,10,YHR069C
301,0,YJL109C
302,10,YGR095C
303,8,YDR019C
304,17,YOL058W
305,17,YHR018C
306,7,YBL033C
307,0,YOR206W
308,21,YBR193C
309,21,YER022W
310,7,YDR158W
311,2,YER052C
312,3,YGR020C
313,10,YOL142W
314,0,YGR090W
315,7,YGR048W
316,7,YBR170C
317,2,YDL147W
318,3,YBR127C
319,2,YIL116W
320,12,YGR091W
321,2,YHL030W
322,3,YBR198C
323,12,YBR079C
324,3,YKL067W
325,3,YML064C
326,0,YKR002W
327,0,YLR347C
328,0,YNL189W
329,2,YOR210W
330,3,YPR167C
331,3,YKL001C
332,2,YCL017C
333,14,YPL135W
334,2,YGL137W
335,0,YDL145C
336,0,YJR093C
337,3,YLR170C
338,0,YPR107C
339,14,YBR216C
340,21,YML007W
341,21,YJR145C
342,4,YPR190C
343,13,YJR065C
344,3,YJL164C
345,2,YNR035C
346,16,YLR117C
347,12,YGR261C
348,3,YBR288C
349,0,YBL004W
350,2,YDR195W
351,21,YER133W
352,3,YAL016W
353,3,YDL188C
354,2,YBR260C
355,12,YGR196C
356,16,YDR240C
357,16,YMR125W
358,0,YGL111W
359,17,YER069W
360,17,YOL140W
361,0,YJL138C
362,12,YEL011W
363,3,YPR160W
364,2,YNL287W
365,2,YDR238C
366,16,YPL178W
367,3,YNR006W
368,12,YHL002W
369,7,YDL126C
370,3,YGL190C
371,3,YML109W
372,14,YLL027W
373,12,YHR216W
374,2,YOL038W
375,2,YGL011C
376,8,YER025W
377,10,YOL021C
378,21,YHR058C
379,7,YML100W
380,16,YOR353C
381,3,YMR261C
382,0,YDR299W
383,0,YER127W
384,2,YDL029W
385,0,YPL237W
386,17,YER026C
387,2,YNL169C
388,2,YMR314W
389,8,YGR173W
390,8,YDR152W
391,3,YDL134C
392,0,YDL031W
393,2,YGR135W
394,17,YJL088W
395,0,YDR449C
396,3,YBR081C
397,0,YBR247C
398,21,YMR112C
399,0,YCR057C
400,7,YJL074C
401,7,YFL008W
402,0,YER082C
403,10,YCR035C
404,10,YOR001W
405,18,YPL111W
406,18,YEL034W
407,2,YFR051C
408,7,YOR250C
409,18,YBR208C
410,16,YHR086W
411,0,YDR324C
412,21,YGR262C
413,21,YKR038C
414,0,YKL172W
415,2,YML092C
416,8,YJR007W
417,2,YOR136W
418,2,YNL037C
419,2,YKL104C
420,4,YNR003C
421,2,YBR166C
422,2,YLR355C
423,10,YJR016C
424,21,YGR104C
425,11,YDR378C
426,3,YHR041C
427,2,YOR150W
428,0,YKL009W
429,3,YOR142W
430,14,YER174C
431,3,YPR104C
432,3,YDR174W
433,0,YDR432W
434,21,YOL135C
435,3,YCR012W
436,2,YKL060C
437,9,YDR337W
438,2,YLR025W
439,2,YPR173C
440,2,YPR103W
441,16,YNL330C
442,0,YOL004W
443,2,YCR093W
444,12,YAL021C
445,10,YER086W
446,3,YCL009C
447,7,YAL029C
448,2,YGL106W
449,7,YIL076W
450,21,YGR263C
451,21,YOR180C
452,3,YHR203C
453,21,YOR174W
454,21,YNR010W
455,12,YLR314C
456,12,YCR002C
457,17,YDL047W
458,0,YGR245C
459,10,YGL009C
460,8,YGL234W
461,8,YGR061C
462,2,YIL094C
463,2,YER012W
464,0,YPL211W
465,3,YPR082C
466,2,YGL195W
467,16,YPL139C
468,0,YMR093W
469,14,YDL030W
470,2,YGL245W
471,0,YBR142W
472,0,YHR088W
473,21,YDR342C
474,21,YDR343C
475,2,YOR184W
476,0,YKR060W
477,7,YPR119W
478,10,YBR195C
479,2,YPR018W
480,12,YMR239C
481,4,YJR063W
482,3,YGL233W
483,4,YKL144C
484,0,YBL002W
485,21,YHR128W
486,0,YGR128C
487,0,YLR002C
488,17,YPL010W
489,0,YNL207W
490,0,YIL093C
491,21,YPR168W
492,2,YGL151W
493,2,YOR362C
494,0,YGL120C
495,7,YBR130C
496,3,YJR010W
497,3,YGL156W
498,0,YPL266W
499,3,YOR014W
500,0,YPL204W
501,12,YLR432W
502,6,YDR075W
503,21,YDR272W
504,2,YBL041W
505,12,YNR052C
506,16,YMR213W
507,0,YCL054W
508,7,YIL078W
509,0,YMR012W
510,21,YBR253W
511,0,YLR276C
512,0,YBR267W
513,3,YJR042W
514,2,YNL085W
515,0,YDR036C
516,0,YMR229C
517,2,YLR378C
518,3,YCR033W
519,21,YDR308C
520,3,YEL054C
521,2,YKL143W
522,16,YPL181W
523,2,YGR186W
524,0,YPL217C
525,2,YOR056C
526,0,YLR449W
527,12,YEL056W
528,0,YPL001W
529,2,YKR069W
530,14,YDL192W
531,14,YDL137W
532,0,YLL011W
533,3,YPL220W
534,7,YMR199W
535,2,YDR140W
536,2,YNR046W
537,21,YNL333W
538,21,YFL059W
539,19,YJL005W
540,19,YNL138W
541,0,YBR009C
542,16,YDR364C
543,0,YNL262W
544,16,YPL049C
545,16,YDR480W
546,3,YDR385W
547,3,YOR133W
548,14,YBR217W
549,3,YNL261W
550,3,YML065W
551,8,YKR014C
552,10,YER136W
553,12,YML102W
554,0,YFL002C
555,7,YER177W
556,7,YDR099W
557,8,YMR120C
558,7,YPL256C
559,0,YDR175C
560,3,YDR188W
561,3,YCL028W
562,10,YNL104C
563,10,YGL022W
564,2,YPL227C
565,2,YIL128W
566,2,YER171W
567,3,YDL124W
568,2,YGR218W
569,2,YHR020W
570,3,YJL042W
571,1,YML088W
572,4,YNL248C
573,17,YGL197W
574,17,YLR310C
575,8,YHR166C
576,7,YLR127C
577,2,YJL095W
578,7,YDR001C
579,7,YLR270W
580,17,YMR308C
581,17,YER110C
582,9,YBL090W
583,17,YDR359C
584,17,YHR099W
585,12,YFL009W
586,4,YGL070C
587,3,YGL100W
588,0,YKR024C
589,14,YBR010W
590,7,YDL003W
591,0,YHR066W
592,2,YGR267C
593,12,YJR111C
594,12,YPL092W
595,3,YGR161C
596,12,YML022W
597,12,YMR226C
598,3,YHR033W
599,1,YDL066W
600,0,YDL051W
601,0,YER002W
602,2,YLR421C
603,2,YDL078C
604,3,YBR060C
605,3,YKL085W
606,13,YDR167W
607,3,YOR217W
608,3,YOR144C
609,6,YER146W
610,7,YDR028C
611,2,YDR422C
612,2,YJL001W
613,1,YPR054W
614,0,YGL207W
615,12,YLL022C
616,17,YOR043W
617,17,YLL010C
618,17,YOR244W
619,3,YOL086C
620,3,YHR174W
621,21,YIL079C
622,21,YOL115W
623,2,YPR181C
624,7,YHR098C
625,10,YFL038C
626,0,YDR381W
627,12,YPL004C
628,2,YAL003W
629,2,YKL081W
630,0,YGL171W
631,2,YGR234W
632,2,YOR335C
633,7,YOL090W
634,2,YIR002C
635,0,YLR074C
636,7,YDR097C
637,10,YEL002C
638,12,YIL061C
639,17,YLR438W
640,11,YLR275W
641,12,YJR101W
642,0,YKL056C
643,0,YDL213C
644,21,YOR181W
645,2,YBL007C
646,0,YML069W
647,4,YOR340C
648,9,YCR046C
649,21,YKL193C
650,2,YCR053W
651,3,YPL195W
652,3,YLR029C
653,3,YML063W
654,2,YKR059W
655,0,YGL099W
656,3,YER031C
657,17,YJL081C
658,0,YGR155W
659,7,YKL007W
660,7,YIL034C
661,3,YMR105C
662,4,YGL241W
663,7,YNL154C
664,8,YHR135C
665,0,YNL075W
666,0,YJR002W
667,0,YMR116C
668,7,YJL173C
669,7,YAR007C
670,18,YGR204W
671,18,YBR084W
672,3,YBR254C
673,9,YKR085C
674,0,YPR137W
675,12,YLR352W
676,17,YFL024C
677,3,YPL254W
678,2,YOL005C
679,2,YDR170C
680,21,YJR132W
681,3,YAL033W
682,3,YHR062C
683,0,YMR128W
684,8,YFR044C
685,8,YLR180W
686,11,YJR022W
687,17,YPR023C
688,2,YOR057W
689,12,YHR089C
690,14,YML077W
691,11,YER029C
692,3,YOL051W
693,2,YBL058W
694,17,YBR249C
695,0,YOL078W
696,10,YBR282W
697,0,YHR085W
698,7,YDR507C
699,0,YMR139W
700,5,YHR030C
701,1,YML091C
702,2,YMR108W
703,10,YDL182W
704,12,YER093C
705,21,YIL070C
706,3,YLR044C
707,7,YER003C
708,7,YJL080C
709,3,YMR223W
710,2,YGR253C
711,13,YKR067W
712,3,YNL236W
713,2,YPR182W
714,12,YOR185C
715,12,YJR074W
716,2,YHR064C
717,15,YDR225W
718,13,YGR200C
719,2,YPL086C
720,3,YHR119W
721,2,YBR272C
722,0,YMR172W
723,21,YCL024W
724,9,YKR006C
725,2,YJR064W
726,0,YNL016W
727,20,YDR311W
728,2,YKL028W
729,12,YAR003W
730,12,YBR175W
731,17,YBR225W
732,0,YDR300C
733,12,YOR158W
734,10,YCL014W
735,2,YDR405W
736,0,YDL153C
737,11,YMR268C
738,3,YDL098C
739,3,YGR075C
740,0,YHR196W
741,0,YBL003C
742,2,YER162C
743,2,YEL037C
744,0,YOR204W
745,0,YER155C
746,21,YDR412W
747,2,YLR293C
748,2,YPL208W
749,2,YDR361C
750,7,YNL172W
751,17,YKL218C
752,0,YKL099C
753,2,YBR200W
754,2,YAL041W
755,14,YLR262C
756,18,YAL012W
757,0,YOR145C
758,0,YGR150C
759,12,YPL074W
760,12,YGL150C
761,8,YDL002C
762,3,YHR158C
763,3,YER173W
764,18,YHR019C
765,21,YGL060W
766,0,YKL082C
767,12,YOR035C
768,0,YPL013C
769,3,YLR337C
770,21,YHR114W
771,18,YLL018C
772,2,YBR025C
773,0,YPR112C
774,0,YHR169W
775,7,YJR144W
776,2,YKL019W
777,2,YDL090C
778,21,YOR329C
779,12,YAL036C
780,21,YLR113W
781,21,YGL158W
782,12,YDL108W
783,19,YGR233C
784,0,YOL010W
785,2,YAL023C
786,12,YDL095W
787,13,YLR384C
788,0,YBR136W
789,0,YGL130W
790,7,YDL042C
791,7,YDR227W
792,7,YOR106W
793,7,YGL212W
794,12,YOR323C
795,0,YHR059W
796,3,YJL024C
797,8,YER092W
798,0,YOR227W
799,2,YDR179C
800,12,YDR139C
801,7,YKL152C
802,2,YBL039C
803,8,YEL022W
804,7,YOR276W
805,2,YPL085W
806,0,YEL055C
807,2,YLL034C
808,8,YDR502C
809,0,YJL033W
810,3,YMR028W
811,7,YIL136W
812,7,YDL204W
813,0,YBR143C
814,3,YLL026W
815,0,YNL112W
816,2,YIL063C
817,12,YOR110W
818,16,YKL095W
819,3,YLR212C
820,3,YNL126W
821,16,YGR040W
822,12,YLR196W
823,2,YLR229C
824,2,YPL161C
825,17,YLR386W
826,0,YOL054W
827,0,YDR130C
828,2,YOL006C
829,16,YNL139C
830,0,YPL009C
831,21,YCR020C-A
832,12,YOL070C
833,3,YER089C
834,8,YNL030W
835,2,YML032C
836,8,YGR180C
837,10,YOR370C
838,10,YBR264C
839,17,YIL126W
840,12,YCR079W
841,12,YDL175C
842,12,YFL003C
843,2,YPL140C
844,12,YMR094W
845,8,YAR002W
846,12,YIL113W
847,2,YLR106C
848,2,YLR304C
849,0,YGR270W
850,12,YNL311C
851,10,YBR133C
852,7,YJL187C
853,3,YBR017C
854,21,YAR014C
855,0,YDL208W
856,2,YNL220W
857,4,YFR011C
858,3,YIL068C
859,12,YHR023W
860,13,YDR166C
861,12,YDR049W
862,0,YDR021W
863,12,YLR097C
864,7,YNL312W
865,3,YDL070W
866,3,YLR399C
867,12,YFL045C
868,12,YHR016C
869,0,YLR186W
870,2,YJR104C
871,12,YDR226W
872,12,YBL076C
873,12,YDR023W
874,12,YER107C
875,12,YNL135C
876,2,YDL159W
877,7,YPL153C
878,7,YJL115W
879,0,YAL025C
880,3,YER008C
881,12,YNL023C
882,12,YKL080W
883,2,YPL160W
884,1,YGL187C
885,1,YHR051W
886,16,YHR084W
887,7,YGL058W
888,7,YCR066W
889,2,YMR025W
890,12,YDL216C
891,0,YNL088W
892,17,YIR034C
893,2,YJR090C
894,7,YGL008C
895,2,YPL036W
896,17,YOL108C
897,21,YLR287C
898,4,YDR156W
899,12,YIL046W
900,7,YGL073W
901,7,YAL005C
902,12,YFL044C
903,12,YAL009W
904,12,YAL010C
905,21,YPL038W
906,8,YNL103W
907,14,YGL254W
908,14,YAL017W
909,3,YGL192W
910,21,YDR043C
911,8,YGL071W
912,3,YDR146C
913,14,YAL018C
914,8,YDR216W
915,3,YAL022C
916,3,YGL013C
917,2,YLR403W
918,5,YBR182C
919,2,YKL112W
920,20,YDR310C
921,7,YNL068C
922,7,YAL024C
923,17,YJR060W
924,17,YAL026C
925,7,YAL028W
926,2,YBR049C
927,2,YAL030W
928,2,YAL031C
929,3,YNL216W
930,3,YAL034C
931,21,YOR028C
932,21,YAL037W
933,14,YPL075W
934,14,YAL038W
935,7,YMR043W
936,7,YAL040C
937,2,YAL042W
938,2,YAL043C
939,2,YAL043C-A
940,8,YKR099W
941,8,YAL045C
942,2,YAL053W
943,2,YAL054C
944,7,YLR131C
945,7,YAL062W
946,7,YDL056W
947,7,YOR372C
948,7,YHR206W
949,21,YAL063C
950,21,YKL043W
951,21,YDR259C
952,3,YGL181W
953,3,YAL064C-A
954,2,YHL027W
955,21,YKL032C
956,21,YAL064W
957,3,YAL065C
958,3,YAL067C
959,3,YAL068C
960,8,YBL008W
961,7,YER088C
962,7,YAR008W
963,6,YAR009C
964,6,YMR021C
965,21,YPR065W
966,7,YAR018C
967,14,YOR140W
968,14,YAR023C
969,7,YAR050W
970,2,YEL009C
971,7,YGR044C
972,1,YKL109W
973,5,YBL001C
974,13,YDR423C
975,2,YBL013W
976,2,YBL014C
977,16,YBL016W
978,16,YBL017C
979,12,YBL019W
980,3,YBL022C
981,7,YBL023C
982,21,YBL025W
983,21,YBL027W
984,21,YBL028C
985,21,YKL185W
986,21,YBL029W
987,21,YPL177C
988,21,YMR016C
989,21,YBL030C
990,7,YBL032W
991,5,YBL037W
992,21,YOL116W
993,21,YBL042C
994,21,YBL043W
995,1,YBL044W
996,3,YNL027W
997,3,YBL057C
998,2,YBL059C-A
999,3,YBL072C
1000,3,YMR164C
1001,3,YBL074C
1002,14,YKL038W
1003,2,YBL079W
1004,2,YBL080C
1005,2,YIL131C
1006,2,YBL081W
1007,2,YBL082C
1008,2,YBL083C
1009,3,YBL087C
1010,3,YBL092W
1011,3,YBL093C
1012,20,YBL097W
1013,20,YOL067C
1014,14,YBL107W-A
1015,3,YLR013W
1016,3,YBL108W
1017,3,YIR018W
1018,3,YPL248C
1019,3,YBL109W
1020,3,YMR182C
1021,3,YBL111C
1022,3,YBL112C
1023,3,YBL113C
1024,17,YNL314W
1025,17,YBR002C
1026,17,YBR003W
1027,21,YBR007C
1028,21,YBR008C
1029,14,YOR038C
1030,2,YBR011C
1031,12,YBR012C
1032,12,YBR013C
1033,3,YBR018C
1034,3,YBR019C
1035,3,YBR020W
1036,3,YBR021W
1037,2,YBR029C
1038,2,YBR030W
1039,3,YER169W
1040,3,YBR033W
1041,7,YBR037C
1042,7,YBR038W
1043,8,YBR040W
1044,3,YHR006W
1045,8,YLR176C
1046,8,YBR042C
1047,2,YBR043C
1048,7,YDL106C
1049,12,YBR044C
1050,21,YBR048W
1051,17,YBR051W
1052,14,YBR053C
1053,21,YBR054W
1054,3,YBR057C
1055,21,YPL089C
1056,7,YBR065C
1057,7,YBR066C
1058,10,YIR023W
1059,10,YBR068C
1060,10,YLR451W
1061,10,YBR069C
1062,7,YBR070C
1063,7,YER111C
1064,7,YBR071W
1065,3,YKL062W
1066,3,YBR074W
1067,20,YBR076W
1068,7,YBR077C
1069,7,YLR182W
1070,7,YBR078W
1071,2,YBR080C
1072,7,YBR082C
1073,16,YBR083W
1074,3,YBR084C-A
1075,3,YBR085W
1076,17,YBR089C-A
1077,17,YBR090C
1078,7,YBR092C
1079,8,YBR095C
1080,8,YBR096W
1081,21,YBR097W
1082,21,YMR070W
1083,17,YML099C
1084,17,YBR099C
1085,2,YBR101C
1086,3,YBR102C
1087,2,YBR104W
1088,8,YBR110W
1089,2,YBR112C
1090,2,YBR114W
1091,2,YBR115C
1092,3,YBR116C
1093,3,YBR117C
1094,3,YBR118W
1095,2,YBR119W
1096,10,YOR032C
1097,7,YBR138C
1098,7,YBR139W
1099,20,YBR148W
1100,7,YBR156C
1101,21,YBR157C
1102,21,YBR158W
1103,21,YBR159W
1104,12,YBR161W
1105,7,YBR162C
1106,7,YBR162W-A
1107,2,YBR163W
1108,14,YBR167C
1109,14,YCR018C
1110,14,YBR168W
1111,20,YBR179C
1112,20,YBR180W
1113,3,YBR181C
1114,5,YBR183W
1115,3,YBR188C
1116,3,YBR189W
1117,3,YBR190W
1118,3,YBR191W
1119,14,YBR196C
1120,14,YNL199C
1121,21,YOR077W
1122,21,YBR210W
1123,2,YBR211C
1124,2,YBR212W
1125,17,YBR222C
1126,17,YBR224W
1127,7,YBR229C
1128,13,YJL206C
1129,13,YBR235W
1130,2,YBR236C
1131,2,YBR237W
1132,12,YBR238C
1133,14,YBR243C
1134,14,YBR244W
1135,17,YBR250W
1136,3,YJL056C
1137,3,YBR255W
1138,10,YJR127C
1139,10,YBR262C
1140,10,YBR265W
1141,3,YJL089W
1142,3,YBR266C
1143,3,YBR268W
1144,14,YBR275C
1145,8,YDL170W
1146,8,YBR281C
1147,2,YBR283C
1148,2,YBR284W
1149,5,YBR295W
1150,2,YCL001W
1151,2,YCL001W-A
1152,2,YCL004W
1153,2,YCL005W
1154,2,YCL011C
1155,10,YCL012W
1156,2,YCL016C
1157,10,YCL018W
1158,10,YDR463W
1159,21,YCL025C
1160,16,YCL026C-A
1161,16,YCL027W
1162,2,YCL031C
1163,7,YFR034C
1164,7,YCL034W
1165,7,YCL035C
1166,21,YCL045C
1167,21,YCL046W
1168,21,YCL047C
1169,20,YCL048W
1170,20,YCL049C
1171,7,YCL050C
1172,16,YCL055W
1173,16,YCL056C
1174,2,YCL063W
1175,2,YCL064C
1176,8,YDR421W
1177,3,YCL065W
1178,3,YCL066W
1179,3,YCL067C
1180,3,YCL074W
1181,2,YCR001W
1182,2,YCR003W
1183,16,YCR017C
1184,17,YMR042W
1185,10,YCR018C-A
1186,10,YBL103C
1187,10,YCR019W
1188,12,YCR020W-B
1189,12,YCR021C
1190,14,YCR024C
1191,3,YCR024C-A
1192,6,YCR025C
1193,14,YCR028C
1194,2,YCR032W
1195,3,YCR039C
1196,0,YCR097W
1197,3,YCR040W
1198,3,YCR041W
1199,12,YCR044C
1200,7,YCR064C
1201,7,YNL309W
1202,7,YCR065W
1203,5,YCR073C
1204,5,YCR073W-A
1205,2,YCR075C
1206,2,YCR082W
1207,16,YCR089W
1208,2,YCR092C
1209,3,YCR096C
1210,21,YCR098C
1211,21,YCR099C
1212,21,YCR100C
1213,21,YOL089C
1214,21,YCR102C
1215,21,YCR102W-A
1216,3,YCR105W
1217,3,YER040W
1218,3,YCR106W
1219,3,YCR107W
1220,2,YDL010W
1221,2,YDL012C
1222,7,YDL017W
1223,7,YDL018C
1224,7,YDL020C
1225,20,YDL026W
1226,20,YDL028C
1227,3,YDL032W
1228,3,YDL035C
1229,14,YOR113W
1230,21,YDL037C
1231,17,YDL038C
1232,17,YDR277C
1233,17,YDL039C
1234,7,YDL044C
1235,8,YDL058W
1236,8,YDL059C
1237,3,YDL061C
1238,1,YDL067C
1239,17,YDL068W
1240,17,YDL071C
1241,3,YDL075W
1242,3,YDL076C
1243,3,YDL082W
1244,3,YDL083C
1245,2,YDL084W
1246,7,YDL101C
1247,2,YDL105W
1248,3,YDL114W
1249,3,YDL115C
1250,2,YDL122W
1251,17,YDL125C
1252,7,YDL127W
1253,6,YDL128W
1254,21,YDL129W
1255,3,YDL130W
1256,2,YDL130W-A
1257,3,YDL133C-A
1258,3,YDL133W
1259,7,YDL141W
1260,7,YDL142C
1261,10,YDL146W
1262,3,YDL148C
1263,21,YDL168W
1264,21,YDL169C
1265,3,YDL171C
1266,3,YDL173W
1267,3,YDL174C
1268,12,YDL178W
1269,3,YDL179W
1270,1,YDL181W
1271,3,YDL184C
1272,3,YDL186W
1273,2,YDL189W
1274,2,YDL190C
1275,2,YDL193W
1276,2,YDL198C
1277,14,YDL206W
1278,2,YDL209C
1279,2,YDL212W
1280,21,YDL214C
1281,3,YDL223C
1282,3,YDL224C
1283,3,YDL226C
1284,7,YDL227C
1285,10,YDL228C
1286,8,YDL229W
1287,13,YDL239C
1288,21,YDL245C
1289,21,YDL246C
1290,21,YDL247W
1291,14,YDR003W
1292,3,YDR008C
1293,3,YDR009W
1294,7,YDR010C
1295,7,YDR011W
1296,3,YDR024W
1297,3,YDR025W
1298,2,YDR027C
1299,14,YDR030C
1300,14,YDR031W
1301,7,YDR033W
1302,2,YDR035W
1303,2,YDR039C
1304,14,YDR042C
1305,10,YDR046C
1306,10,YDR047W
1307,14,YDR048C
1308,17,YDR050C
1309,21,YDR052C
1310,3,YDR054C
1311,3,YDR055W
1312,3,YLR098C
1313,3,YDR056C
1314,3,YDR057W
1315,6,YDR058C
1316,7,YDR061W
1317,3,YDR064W
1318,10,YDR065W
1319,3,YDR066C
1320,21,YDR077W
1321,21,YDR083W
1322,17,YDR084C
1323,21,YDR086C
1324,7,YDR089W
1325,3,YDR100W
1326,3,YDR102C
1327,3,YDR103W
1328,3,YDR112W
1329,7,YDR113C
1330,7,YDR115W
1331,3,YDR119W
1332,17,YDR129C
1333,17,YDR131C
1334,13,YDR132C
1335,21,YDR133C
1336,21,YDR134C
1337,7,YDR144C
1338,7,YDR145W
1339,17,YDR123C
1340,17,YDR147W
1341,7,YDR150W
1342,8,YDR151C
1343,7,YDR154C
1344,7,YDR155C
1345,7,YDR157W
1346,7,YDR164C
1347,7,YDR165W
1348,7,YDR171W
1349,14,YBR240C
1350,14,YDR179W-A
1351,3,YDR180W
1352,8,YDR183W
1353,8,YDR184C
1354,3,YDR186C
1355,7,YDR187C
1356,7,YDR189W
1357,2,YDR194C
1358,6,YDR207C
1359,6,YDR208W
1360,14,YDR210W-C
1361,10,YDR210W-D
1362,7,YDR214W
1363,3,YDR215C
1364,3,YDR223W
1365,14,YDR224C
1366,7,YDR229W
1367,2,YDR233C
1368,2,YDR234W
1369,12,YDR239C
1370,12,YDR241W
1371,2,YDR245W
1372,3,YDR252W
1373,2,YDR257C
1374,7,YDR261C
1375,7,YDR263C
1376,17,YDR278C
1377,7,YDR279W
1378,7,YDR281C
1379,3,YDR282C
1380,2,YDR283C
1381,2,YDR284C
1382,2,YDR285W
1383,8,YDR289C
1384,7,YDR294C
1385,2,YDR295C
1386,2,YDR296W
1387,12,YDR307W
1388,7,YDR309C
1389,3,YDR312W
1390,2,YDR313C
1391,16,YDR316W-A
1392,16,YDR316W-B
1393,21,YDR317W
1394,2,YDR322C-A
1395,3,YDR322W
1396,2,YDR323C
1397,7,YDR325W
1398,2,YDR326C
1399,2,YDR327W
1400,2,YDR329C
1401,2,YDR330W
1402,21,YDR338C
1403,2,YDR339C
1404,2,YDR340W
1405,2,YDR341C
1406,21,YDR345C
1407,5,YDR350C
1408,5,YDR351W
1409,2,YDR363W-A
1410,3,YDR366C
1411,3,YDR368W
1412,3,YDR370C
1413,3,YDR371W
1414,14,YDR372C
1415,14,YDR373W
1416,8,YDR375C
1417,8,YDR376W
1418,1,YDR377W
1419,8,YDR379W
1420,8,YDR380W
1421,8,YDR382W
1422,3,YDR384C
1423,7,YDR389W
1424,3,YDR393W
1425,20,YDR402C
1426,20,YDR403W
1427,2,YDR404C
1428,8,YDR408C
1429,8,YDR409W
1430,8,YDR410C
1431,3,YDR418W
1432,5,YDR420W
1433,17,YDR434W
1434,17,YDR438W
1435,21,YDR441C
1436,21,YDR442W
1437,3,YDR447C
1438,3,YDR450W
1439,7,YDR451C
1440,7,YDR452W
1441,7,YDR461W
1442,2,YDR465C
1443,2,YDR466W
1444,3,YDR470C
1445,3,YDR471W
1446,7,YDR474C
1447,10,YDR494W
1448,14,YDR495C
1449,17,YDR497C
1450,7,YDR500C
1451,7,YDR501W
1452,21,YDR504C
1453,21,YDR505C
1454,21,YDR508C
1455,7,YDR509W
1456,21,YDR510W
1457,2,YDR512C
1458,10,YDR513W
1459,10,YDR514C
1460,10,YDR515W
1461,10,YDR522C
1462,8,YDR523C
1463,7,YDR525W-A
1464,7,YDR526C
1465,7,YDR528W
1466,1,YDR529C
1467,21,YDR533C
1468,21,YDR535C
1469,21,YDR536W
1470,8,YDR541C
1471,3,YDR543C
1472,3,YDR544C
1473,3,YDR545W
1474,8,YEL001C
1475,3,YEL004W
1476,3,YEL005C
1477,21,YEL007W
1478,3,YEL008W
1479,2,YEL012W
1480,12,YEL013W
1481,12,YEL014C
1482,2,YEL016C
1483,2,YEL017C-A
1484,2,YEL017W
1485,3,YEL018W
1486,3,YEL019C
1487,8,YEL023C
1488,1,YEL024W
1489,1,YEL025C
1490,12,YEL027W
1491,14,YEL030W
1492,21,YEL038W
1493,21,YEL039C
1494,21,YEL040W
1495,17,YEL043W
1496,13,YEL044W
1497,13,YEL045C
1498,13,YEL046C
1499,21,YEL047C
1500,10,YEL050C
1501,21,YEL052W
1502,2,YEL061C
1503,14,YEL062W
1504,14,YEL063C
1505,21,YEL066W
1506,21,YEL068C
1507,21,YEL069C
1508,21,YEL070W
1509,21,YEL072W
1510,3,YEL074W
1511,3,YEL075C
1512,3,YEL076C
1513,3,YEL076C-A
1514,3,YEL076W-C
1515,3,YEL077C
1516,21,YER001W
1517,14,YER007C-A
1518,12,YER007W
1519,21,YER011W
1520,2,YER013W
1521,3,YER023W
1522,21,YER028C
1523,3,YER032W
1524,21,YER033C
1525,21,YER034W
1526,21,YER038C
1527,17,YER043C
1528,21,YER044C
1529,21,YER045C
1530,3,YER046W
1531,16,YER048W-A
1532,2,YER055C
1533,3,YER056C-A
1534,8,YER061C
1535,3,YER065C
1536,7,YER071C
1537,7,YER072W
1538,21,YER073W
1539,3,YER074W
1540,7,YER078C
1541,7,YER079W
1542,3,YER083C
1543,7,YER085C
1544,7,YER087C-A
1545,8,YER091C
1546,8,YER091C-A
1547,7,YER095W
1548,3,YER101C
1549,3,YER102W
1550,3,YER103W
1551,3,YER116C
1552,3,YER117W
1553,7,YER124C
1554,7,YER125W
1555,7,YER128W
1556,7,YER129W
1557,3,YER130C
1558,3,YER131W
1559,14,YER137C-A
1560,16,YER138C
1561,14,YER138W-A
1562,7,YER139C
1563,7,YER140W
1564,3,YER142C
1565,3,YER143W
1566,6,YER145C
1567,7,YER152C
1568,7,YER153C
1569,7,YER154W
1570,2,YER156C
1571,2,YER157W
1572,16,YER159C-A
1573,16,YER160C
1574,3,YER168C
1575,3,YER189W
1576,3,YER190W
1577,3,YFL002W-A
1578,3,YFL002W-B
1579,21,YFL004W
1580,2,YFL005W
1581,7,YFL010C
1582,20,YFL010W-A
1583,7,YFL011W
1584,3,YFL013W-A
1585,3,YFL014W
1586,3,YFL015C
1587,3,YFL016C
1588,3,YFL017C
1589,2,YFL017W-A
1590,7,YFL021W
1591,2,YFL023W
1592,7,YFL026W
1593,7,YFL027C
1594,3,YFL034C-A
1595,3,YPL230W
1596,3,YFL034W
1597,20,YFL040W
1598,2,YFL047W
1599,2,YFL048C
1600,7,YFL055W
1601,21,YFL056C
1602,21,YFL057C
1603,21,YFL060C
1604,3,YFL062W
1605,3,YFL063W
1606,3,YFL064C
1607,3,YFL065C
1608,2,YFR003C
1609,21,YFR005C
1610,21,YFR006W
1611,7,YFR017C
1612,14,YFR023W
1613,3,YFR031C-A
1614,20,YFR032C
1615,3,YFR032C-A
1616,8,YFR035C
1617,21,YGL001C
1618,21,YGL005C
1619,7,YGL007W
1620,7,YGL021W
1621,7,YGL028C
1622,3,YGL030W
1623,3,YGL031C
1624,7,YGL032C
1625,7,YGL038C
1626,2,YGL059W
1627,16,YGL067W
1628,16,YGL069C
1629,8,YGL072C
1630,8,YGL074C
1631,3,YGL075C
1632,7,YGL079W
1633,2,YGL088W
1634,2,YGL089C
1635,3,YGL093W
1636,3,YGL094C
1637,8,YGL098W
1638,3,YGL103W
1639,3,YGL104C
1640,2,YGL107C
1641,3,YGL108C
1642,7,YGL114W
1643,7,YGL116W
1644,2,YGL119W
1645,3,YGL121C
1646,3,YGL124C
1647,14,YGL133W
1648,3,YGL135W
1649,3,YGL136C
1650,20,YGL138C
1651,3,YGL139W
1652,3,YGL140C
1653,3,YGL141W
1654,3,YGL142C
1655,3,YGL147C
1656,2,YGL152C
1657,13,YGL157W
1658,20,YGL170C
1659,7,YGL179C
1660,2,YGL182C
1661,21,YGL184C
1662,8,YGL186C
1663,3,YGL189C
1664,1,YGL191W
1665,1,YGL193C
1666,2,YGL194C
1667,17,YGL199C
1668,7,YGL201C
1669,2,YGL222C
1670,7,YGL226C-A
1671,7,YGL226W
1672,7,YGL227W
1673,7,YGL228W
1674,7,YGL229C
1675,12,YGL230C
1676,2,YGL231C
1677,7,YGL239C
1678,21,YGL253W
1679,3,YGL255W
1680,7,YGL256W
1681,7,YGL257C
1682,21,YGL259W
1683,13,YGL262W
1684,17,YGR007W
1685,7,YGR014W
1686,10,YGR024C
1687,3,YGR027C
1688,3,YGR032W
1689,3,YGR033C
1690,21,YGR035C
1691,16,YGR038C-A
1692,16,YGR038C-B
1693,7,YGR041W
1694,7,YGR047C
1695,7,YGR050C
1696,10,YGR055W
1697,2,YGR056W
1698,2,YGR059W
1699,8,YGR060W
1700,3,YGR085C
1701,2,YGR098C
1702,2,YGR099W
1703,21,YGR100W
1704,12,YGR106C
1705,14,YGR107W
1706,7,YGR108W
1707,7,YGR109C
1708,7,YGR109W-A
1709,7,YGR109W-B
1710,7,YGR110W
1711,3,YGR117C
1712,3,YGR118W
1713,2,YGR119C
1714,10,YGR120C
1715,7,YGR125W
1716,12,YGR127W
1717,2,YGR129W
1718,6,YGR136W
1719,6,YGR137W
1720,21,YGR140W
1721,7,YGR142W
1722,3,YGR143W
1723,21,YGR144W
1724,7,YGR146C
1725,2,YGR147C
1726,3,YGR148C
1727,3,YGR149W
1728,7,YGR151C
1729,7,YGR152C
1730,7,YGR153W
1731,17,YGR157W
1732,14,YGR166W
1733,21,YGR171C
1734,3,YGR175C
1735,3,YGR176W
1736,21,YGR178C
1737,21,YGR182C
1738,1,YGR183C
1739,2,YGR184C
1740,2,YGR185C
1741,8,YGR187C
1742,7,YGR188C
1743,21,YGR189C
1744,3,YGR192C
1745,7,YGR197C
1746,7,YGR198W
1747,3,YGR199W
1748,12,YGR205W
1749,7,YGR210C
1750,7,YGR211W
1751,3,YGR213C
1752,3,YGR214W
1753,14,YGR215W
1754,7,YGR221C
1755,10,YGR225W
1756,7,YGR229C
1757,7,YGR230W
1758,2,YGR231C
1759,21,YGR238C
1760,2,YGR241C
1761,2,YGR243W
1762,21,YGR249W
1763,21,YGR251W
1764,3,YGR254W
1765,6,YGR256W
1766,20,YGR258C
1767,21,YGR259C
1768,20,YGR260W
1769,2,YGR268C
1770,7,YGR273C
1771,14,YGR277C
1772,14,YGR278W
1773,21,YGR279C
1774,5,YGR282C
1775,5,YGR283C
1776,3,YGR295C
1777,3,YGR296W
1778,3,YHL001W
1779,13,YHL008C
1780,7,YHL012W
1781,7,YHL013C
1782,3,YHL016C
1783,7,YHL023C
1784,21,YHL024W
1785,21,YHL028W
1786,21,YHL029C
1787,3,YHL033C
1788,21,YHL034C
1789,13,YHL039W
1790,13,YHL040C
1791,21,YHL041W
1792,3,YHL042W
1793,3,YHL048W
1794,3,YHL049C
1795,1,YHR001W
1796,1,YHR001W-A
1797,7,YHR004C
1798,10,YHR011W
1799,21,YHR012W
1800,3,YHR021C
1801,3,YHR021W-A
1802,2,YHR026W
1803,13,YHR028C
1804,7,YHR031C
1805,7,YHR032W
1806,3,YHR036W
1807,0,YKL015W
1808,12,YHR037W
1809,2,YHR039C-A
1810,2,YHR040W
1811,21,YHR047C
1812,21,YHR048W
1813,21,YHR049W
1814,7,YHR053C
1815,7,YHR055C
1816,7,YHR061C
1817,7,YHR063C
1818,2,YHR071W
1819,2,YHR077C
1820,2,YHR078W
1821,5,YHR080C
1822,5,YHR081W
1823,16,YHR082C
1824,16,YHR083W
1825,3,YHR087W
1826,2,YHR090C
1827,3,YHR091C
1828,21,YNL167C
1829,21,YHR094C
1830,21,YHR095W
1831,3,YHR096C
1832,2,YHR115C
1833,2,YHR116W
1834,3,YHR118C
1835,17,YHR123W
1836,7,YHR129C
1837,7,YHR130C
1838,7,YHR131C
1839,7,YHR132W-A
1840,8,YHR136C
1841,8,YHR137W
1842,3,YHR138C
1843,8,YHR139C
1844,8,YHR139C-A
1845,8,YHR140W
1846,3,YHR141C
1847,3,YHR142W
1848,7,YHR143W
1849,3,YHR145C
1850,7,YHR149C
1851,7,YHR150W
1852,7,YHR151C
1853,7,YHR152W
1854,7,YHR153C
1855,7,YHR154W
1856,7,YHR155W
1857,21,YHR156C
1858,21,YHR157W
1859,2,YHR161C
1860,2,YHR162W
1861,2,YHR165C
1862,8,YHR167W
1863,8,YHR171W
1864,21,YHR179W
1865,17,YHR183W
1866,20,YHR185C
1867,3,YHR193C
1868,3,YHR194W
1869,7,YHR195W
1870,2,YHR199C
1871,3,YHR204W
1872,10,YHR207C
1873,10,YHR208W
1874,10,YHR209W
1875,21,YHR213W
1876,3,YIL009W
1877,21,YIL010W
1878,21,YIL012W
1879,21,YIL013C
1880,7,YIL014W
1881,21,YIL015C-A
1882,7,YIL015W
1883,3,YIL018W
1884,21,YIL019W
1885,21,YIL020C
1886,2,YIL022W
1887,2,YIL023C
1888,7,YIL026C
1889,2,YIL031W
1890,2,YIL032C
1891,16,YIL036W
1892,16,YIL037C
1893,21,YIL040W
1894,2,YIL048W
1895,3,YGR288W
1896,3,YIL051C
1897,17,YIL064W
1898,17,YIL065C
1899,8,YIL066C
1900,3,YIL069C
1901,2,YIL075C
1902,7,YIL077C
1903,16,YIL082W
1904,16,YIL083C
1905,17,YIL088C
1906,21,YIL097W
1907,21,YIL098C
1908,21,YIL099W
1909,21,YIL102C
1910,2,YIL108W
1911,2,YIL109C
1912,3,YIL110W
1913,3,YIL111W
1914,21,YIL118W
1915,21,YIL119C
1916,3,YIL121W
1917,21,YIL122W
1918,7,YIL123W
1919,17,YIL127C
1920,3,YIL129C
1921,21,YIL132C
1922,3,YIL133C
1923,2,YIL135C
1924,7,YIL137C
1925,3,YIL148W
1926,3,YIL149C
1927,7,YIL158W
1928,8,YIL161W
1929,21,YIL170W
1930,21,YIL171W
1931,21,YIL172C
1932,21,YIL173W
1933,3,YIL174W
1934,3,YIL175W
1935,3,YIL176C
1936,3,YIL177C
1937,2,YIR003W
1938,3,YIR004W
1939,2,YIR010W
1940,21,YIR013C
1941,21,YIR014W
1942,8,YIR017C
1943,21,YIR019C
1944,21,YIR020C
1945,21,YIR020W-B
1946,21,YIR021W
1947,21,YIR022W
1948,20,YIR027C
1949,20,YIR028W
1950,7,YIR031C
1951,21,YIR035C
1952,3,YIR040C
1953,3,YIR041W
1954,2,YJL002C
1955,14,YJL003W
1956,14,YJL004C
1957,2,YJL008C
1958,21,YJL022W
1959,21,YJL023C
1960,8,YJL027C
1961,21,YJL028W
1962,21,YJL029C
1963,21,YJL030W
1964,21,YJL031C
1965,7,YJL034W
1966,7,YJL035C
1967,20,YJL037W
1968,20,YJL038C
1969,7,YJL045W
1970,7,YJL051W
1971,3,YJL055W
1972,17,YJL059W
1973,21,YJL060W
1974,2,YJL062W
1975,2,YJL067W
1976,2,YJL068C
1977,2,YJL071W
1978,2,YJL072C
1979,7,YJL073W
1980,7,YJL075C
1981,21,YJL076W
1982,21,YJL077C
1983,7,YJL078C
1984,7,YJL079C
1985,17,YJL085W
1986,2,YJL086C
1987,2,YJL087C
1988,3,YJL090C
1989,7,YJL092W
1990,7,YJL093C
1991,7,YJL100W
1992,7,YJL101C
1993,21,YJL105W
1994,2,YJL111W
1995,7,YJL116C
1996,3,YJL118W
1997,3,YJL121C
1998,8,YJL134W
1999,8,YJL135W
2000,8,YJL136C
2001,14,YJL145W
2002,14,YJL148W
2003,7,YJL156C
2004,7,YJL158C
2005,21,YJL159W
2006,14,YJL160C
2007,12,YJL161W
2008,21,YJL162C
2009,17,YJL167W
2010,17,YJL168C
2011,21,YJL171C
2012,7,YJL172W
2013,2,YJL174W
2014,17,YJL175W
2015,2,YJL176C
2016,3,YJL177W
2017,3,YJL178C
2018,2,YJL183W
2019,7,YJL184W
2020,7,YJL185C
2021,7,YJL186W
2022,3,YJL188C
2023,3,YJL189W
2024,3,YJL191W
2025,3,YJL192C
2026,7,YJL194W
2027,7,YJL196C
2028,7,YJL200C
2029,14,YJL204C
2030,17,YJL209W
2031,21,YJL210W
2032,17,YJL211C
2033,21,YJL212C
2034,21,YJL216C
2035,21,YJL217W
2036,21,YJL218W
2037,21,YJL219W
2038,21,YJL221C
2039,3,YJL225C
2040,21,YJR003C
2041,7,YJR004C
2042,7,YJR005W
2043,14,YJR009C
2044,21,YJR011C
2045,20,YJR025C
2046,20,YJR026W
2047,20,YJR027W
2048,20,YJR028W
2049,20,YJR029W
2050,7,YJR030C
2051,17,YJR038C
2052,17,YJR040W
2053,3,YJR041C
2054,3,YJR044C
2055,7,YJR045C
2056,7,YJR046W
2057,6,YJR049C
2058,7,YJR054W
2059,3,YJR058C
2060,3,YJR059W
2061,21,YJR061W
2062,3,YJR067C
2063,20,YJR077C
2064,20,YJR078W
2065,20,YJR079W
2066,14,YJR082C
2067,7,YJR091C
2068,7,YJR092W
2069,21,YJR094C
2070,21,YJR094W-A
2071,2,YJR098C
2072,2,YJR099W
2073,21,YJR100C
2074,21,YJR102C
2075,21,YJR103W
2076,2,YJR105W
2077,7,YJR110W
2078,2,YJR112W
2079,2,YJR116W
2080,3,YJR123W
2081,3,YJR135C
2082,2,YJR138W
2083,10,YJR139C
2084,21,YJR146W
2085,21,YJR147W
2086,7,YJR148W
2087,7,YJR149W
2088,7,YJR150C
2089,21,YJR158W
2090,21,YJR159W
2091,21,YJR160C
2092,3,YJR161C
2093,2,YKL004W
2094,2,YKL005C
2095,3,YKL006C-A
2096,3,YKL006W
2097,7,YKL008C
2098,2,YKL016C
2099,2,YKL020C
2100,2,YKL029C
2101,3,YKL033W
2102,13,YKL039W
2103,13,YKL040C
2104,21,YKL044W
2105,3,YKL049C
2106,7,YKL051W
2107,7,YKL052C
2108,7,YKL058W
2109,7,YKL059C
2110,21,YKL063C
2111,10,YKL071W
2112,8,YKL072W
2113,7,YKL084W
2114,13,YKL086W
2115,13,YKL087C
2116,21,YKL096W
2117,7,YKL096W-A
2118,7,YKL097C
2119,13,YKL101W
2120,13,YKL102C
2121,12,YKL106W
2122,21,YKL107W
2123,21,YKL110C
2124,7,YKL113C
2125,10,YKL118W
2126,10,YKL120W
2127,21,YKL132C
2128,7,YKL142W
2129,2,YKL146W
2130,2,YKL148C
2131,7,YKL150W
2132,7,YKL151C
2133,13,YKL154W
2134,13,YKL155C
2135,3,YKL156W
2136,2,YKL157W
2137,7,YKL161C
2138,7,YKL163W
2139,7,YKL164C
2140,2,YKL167C
2141,3,YKL175W
2142,3,YKL176C
2143,3,YKL177W
2144,20,YKL178C
2145,3,YKL179C
2146,3,YKL180W
2147,3,YKL186C
2148,2,YKL190W
2149,17,YKL191W
2150,17,YKL192C
2151,2,YKL195W
2152,2,YKL196C
2153,10,YKL197C
2154,8,YKL201C
2155,8,YKL202W
2156,8,YKL203C
2157,7,YKL209C
2158,7,YKL214C
2159,8,YKL217W
2160,8,YKR010C
2161,7,YKR011C
2162,7,YKR013W
2163,14,YKR027W
2164,2,YKR029C
2165,2,YKR030W
2166,20,YKR033C
2167,20,YKR035W-A
2168,21,YKR039W
2169,7,YKR040C
2170,7,YKR042W
2171,7,YKR043C
2172,7,YKR044W
2173,7,YKR045C
2174,13,YKR052C
2175,2,YKR054C
2176,2,YKR055W
2177,2,YKR056W
2178,3,YKR057W
2179,7,YKR062W
2180,13,YKR066C
2181,13,YKR071C
2182,21,YKR075C
2183,8,YKR079C
2184,8,YKR080W
2185,2,YKR082W
2186,7,YKR084C
2187,21,YKR091W
2188,21,YKR093W
2189,3,YKR094C
2190,3,YKR095W
2191,7,YKR097W
2192,20,YKR098C
2193,21,YKR102W
2194,7,YKR103W
2195,5,YKR105C
2196,5,YKR106W
2197,20,YLL004W
2198,20,YLL005C
2199,21,YLL006W
2200,21,YLL007C
2201,17,YLL009C
2202,7,YLL017W
2203,7,YLL018C-A
2204,7,YLL019C
2205,7,YLL020C
2206,7,YLL024C
2207,21,YLL028W
2208,14,YLL032C
2209,2,YLL033W
2210,3,YLL037W
2211,3,YLL039C
2212,2,YLL040C
2213,21,YLL041C
2214,3,YLL043W
2215,3,YLL045C
2216,21,YLL052C
2217,21,YLL053C
2218,21,YLL054C
2219,17,YLL055W
2220,17,YLL056C
2221,13,YLL060C
2222,21,YLL061W
2223,21,YLL062C
2224,21,YLL063C
2225,3,YLL065W
2226,3,YLL066C
2227,3,YLL067C
2228,21,YLR001C
2229,21,YLR012C
2230,12,YLR016C
2231,12,YLR017W
2232,2,YLR024C
2233,3,YLR030W
2234,10,YLR031W
2235,21,YLR034C
2236,21,YLR035C
2237,16,YLR035C-A
2238,1,YLR038C
2239,3,YLR047C
2240,3,YLR048W
2241,3,YLR049C
2242,7,YLR055C
2243,7,YLR056W
2244,8,YLR058C
2245,8,YLR061W
2246,10,YLR062C
2247,10,YLR063W
2248,7,YLR065C
2249,7,YLR066W
2250,3,YLR075W
2251,3,YLR078C
2252,3,YLR079W
2253,3,YLR081W
2254,20,YLR082C
2255,7,YLR084C
2256,8,YLR092W
2257,10,YLR094C
2258,2,YLR095C
2259,2,YLR096W
2260,7,YLR103C
2261,7,YLR104W
2262,21,YLR105C
2263,13,YLR108C
2264,13,YLR109W
2265,21,YLR110C
2266,21,YLR111W
2267,10,YLR112W
2268,21,YLR121C
2269,3,YLR130C
2270,12,YLR139C
2271,12,YLR142W
2272,7,YLR152C
2273,21,YLR154C
2274,3,YLR167W
2275,1,YLR168C
2276,1,YLR169W
2277,1,YLR171W
2278,2,YLR174W
2279,8,YLR179C
2280,3,YLR183C
2281,3,YLR184W
2282,3,YLR185W
2283,7,YLR189C
2284,7,YLR190W
2285,3,YLR194C
2286,3,YLR207W
2287,2,YLR209C
2288,2,YLR210W
2289,6,YLR213C
2290,6,YLR214W
2291,7,YLR216C
2292,14,YLR220W
2293,2,YLR223C
2294,2,YLR224W
2295,21,YLR228C
2296,7,YLR242C
2297,7,YLR243W
2298,7,YLR255C
2299,7,YLR256W
2300,7,YLR256W-A
2301,7,YLR257W
2302,7,YLR261C
2303,3,YLR264W
2304,7,YLR266C
2305,7,YLR267W
2306,7,YLR273C
2307,7,YLR274W
2308,14,YLR277C
2309,7,YLR286C
2310,3,YLR287C-A
2311,21,YLR294C
2312,21,YLR295C
2313,21,YLR296W
2314,7,YLR300W
2315,3,YLR313C
2316,3,YLR325C
2317,3,YLR326W
2318,2,YLR330W
2319,7,YLR332W
2320,3,YLR333C
2321,7,YLR342W
2322,20,YLR343W
2323,3,YLR344W
2324,3,YLR346C
2325,2,YLR353W
2326,2,YLR356W
2327,8,YLR358C
2328,8,YLR359W
2329,21,YLR363C
2330,21,YLR364W
2331,7,YLR367W
2332,7,YLR369W
2333,3,YLR374C
2334,2,YLR380W
2335,3,YLR387C
2336,3,YLR388W
2337,5,YLR389C
2338,5,YLR390W
2339,21,YLR390W-A
2340,5,YLR392C
2341,5,YLR393W
2342,5,YLR394W
2343,1,YLR395C
2344,2,YLR396C
2345,7,YLR397C
2346,3,YLR400W
2347,3,YLR406C
2348,3,YLR407W
2349,3,YLR408C
2350,12,YLR410W
2351,6,YLR410W-A
2352,6,YLR410W-B
2353,21,YLR413W
2354,3,YLR428C
2355,3,YLR430W
2356,14,YLR433C
2357,14,YLR434C
2358,17,YLR437C
2359,7,YLR438C-A
2360,7,YLR439W
2361,3,YLR441C
2362,3,YLR448W
2363,16,YLR452C
2364,21,YLR460C
2365,3,YLR462W
2366,3,YLR463C
2367,3,YLR464W
2368,3,YLR465C
2369,3,YLR466W
2370,3,YLR467W
2371,2,YML001W
2372,7,YML008C
2373,2,YML012W
2374,2,YML013C-A
2375,3,YML024W
2376,7,YML027W
2377,7,YML028W
2378,21,YML045W
2379,21,YML045W-A
2380,7,YML050W
2381,3,YML051W
2382,7,YML052W
2383,7,YML053C
2384,21,YML055W
2385,21,YML056C
2386,3,YML066C
2387,3,YML073C
2388,2,YML081C-A
2389,2,YML081W
2390,7,YML082W
2391,7,YML083C
2392,1,YML089C
2393,7,YML101C
2394,7,YML102C-A
2395,3,YML111W
2396,21,YML115C
2397,21,YML116W
2398,2,YML119W
2399,2,YML120C
2400,3,YML125C
2401,2,YML129C
2402,21,YML130C
2403,3,YML131W
2404,3,YML132W
2405,3,YML133C
2406,7,YMR001C
2407,7,YMR002W
2408,2,YMR005W
2409,21,YMR011W
2410,21,YMR013C
2411,21,YMR014W
2412,3,YMR015C
2413,21,YMR017W
2414,21,YMR018W
2415,21,YMR019W
2416,21,YMR020W
2417,2,YMR033W
2418,13,YMR038C
2419,2,YMR039C
2420,2,YMR040W
2421,16,YMR052W
2422,12,YMR055C
2423,10,YMR056C
2424,2,YMR060C
2425,2,YMR062C
2426,2,YMR063W
2427,16,YMR065W
2428,7,YMR071C
2429,7,YMR072W
2430,7,YMR076C
2431,2,YMR078C
2432,2,YMR079W
2433,21,YMR081C
2434,21,YMR082C
2435,17,YMR084W
2436,2,YMR086W
2437,2,YMR092C
2438,8,YMR098C
2439,21,YMR106C
2440,7,YMR117C
2441,2,YMR121C
2442,2,YMR122W-A
2443,20,YMR126C
2444,2,YMR129W
2445,14,YMR131C
2446,8,YMR134W
2447,21,YMR135C
2448,3,YMR135W-A
2449,21,YMR136W
2450,21,YMR137C
2451,21,YMR138W
2452,3,YMR142C
2453,3,YMR143W
2454,7,YMR144W
2455,3,YMR165C
2456,7,YMR172C-A
2457,7,YMR173W
2458,7,YMR173W-A
2459,21,YMR177W
2460,7,YMR179W
2461,2,YMR183C
2462,2,YMR184W
2463,2,YMR186W
2464,8,YMR187C
2465,8,YMR190C
2466,8,YMR191W
2467,21,YMR194C-A
2468,3,YMR194W
2469,21,YMR195W
2470,7,YMR197C
2471,7,YMR198W
2472,2,YMR200W
2473,2,YMR214W
2474,7,YMR215W
2475,2,YMR221C
2476,3,YMR230W
2477,14,YMR238W
2478,3,YMR240C
2479,3,YMR241W
2480,3,YMR242C
2481,8,YMR243C
2482,21,YMR244C-A
2483,8,YMR244W
2484,21,YMR246W
2485,7,YMR251W-A
2486,7,YMR253C
2487,1,YMR256C
2488,14,YMR257C
2489,10,YMR258C
2490,2,YMR260C
2491,3,YMR262W
2492,7,YMR267W
2493,20,YMR272C
2494,8,YMR279C
2495,2,YMR280C
2496,2,YMR281W
2497,21,YMR283C
2498,2,YMR296C
2499,2,YMR297W
2500,8,YMR300C
2501,7,YMR304C-A
2502,7,YMR305C
2503,7,YMR306C-A
2504,7,YMR306W
2505,7,YMR307W
2506,21,YMR319C
2507,6,YMR320W
2508,3,YMR324C
2509,3,YMR325W
2510,12,YNL003C
2511,7,YNL006W
2512,7,YNL007C
2513,2,YNL008C
2514,14,YNL009W
2515,7,YNL014W
2516,6,YNL017C
2517,21,YNL025C
2518,21,YNL028W
2519,7,YNL029C
2520,8,YNL031C
2521,2,YNL036W
2522,16,YNL043C
2523,17,YNL044W
2524,10,YNL050C
2525,1,YNL052W
2526,7,YNL053W
2527,2,YNL057W
2528,7,YNL058C
2529,2,YNL059C
2530,7,YNL063W
2531,7,YNL064C
2532,3,YNL067W
2533,3,YNL069C
2534,3,YNL070W
2535,3,YNL077W
2536,3,YNL081C
2537,21,YNL087W
2538,2,YNL090W
2539,2,YNL091W
2540,17,YNL094W
2541,17,YNL095C
2542,3,YNL096C
2543,21,YNL111C
2544,5,YNL115C
2545,2,YNL116W
2546,2,YNL117W
2547,2,YNL119W
2548,2,YNL121C
2549,8,YNL125C
2550,21,YNL134C
2551,3,YNL144C
2552,7,YNL145W
2553,14,YNL146W
2554,2,YNL149C
2555,10,YNL152W
2556,10,YNL153C
2557,2,YNL161W
2558,3,YNL162W
2559,3,YNL163C
2560,8,YNL168C
2561,7,YNL170W
2562,2,YNL171C
2563,7,YNL173C
2564,21,YNL178W
2565,21,YNL179C
2566,21,YNL180C
2567,2,YNL183C
2568,3,YNL192W
2569,3,YNL202W
2570,14,YNL203C
2571,3,YNL204C
2572,3,YNL205C
2573,3,YNL206C
2574,2,YNL212W
2575,2,YNL213C
2576,7,YNL231C
2577,3,YNL238W
2578,7,YNL241C
2579,6,YNL250W
2580,6,YNL251C
2581,3,YNL253W
2582,3,YNL254C
2583,2,YNL255C
2584,2,YNL258C
2585,2,YNL263C
2586,2,YNL267W
2587,3,YNL269W
2588,3,YNL271C
2589,7,YNL273W
2590,7,YNL274C
2591,8,YNL277W
2592,16,YNL279W
2593,16,YNL280C
2594,7,YNL281W
2595,17,YNL282W
2596,17,YNL283C
2597,7,YNL289W
2598,7,YNL295W
2599,7,YNL297C
2600,7,YNL298W
2601,7,YNL300W
2602,7,YNL301C
2603,3,YNL302C
2604,2,YNL307C
2605,7,YNL313C
2606,20,YNL318C
2607,2,YNL321W
2608,2,YNL322C
2609,7,YNL327W
2610,7,YNL328C
2611,3,YNL329C
2612,3,YNL336W
2613,3,YNL337W
2614,3,YNL338W
2615,3,YNL339C
2616,7,YNR009W
2617,2,YNR011C
2618,7,YNR018W
2619,7,YNR028W
2620,3,YNR029C
2621,3,YNR030W
2622,2,YNR038W
2623,2,YNR039C
2624,2,YNR040W
2625,7,YNR044W
2626,21,YNR050C
2627,7,YNR062C
2628,7,YNR063W
2629,21,YNR067C
2630,8,YNR068C
2631,21,YNR070W
2632,13,YNR071C
2633,13,YNR072W
2634,7,YOL007C
2635,7,YOL011W
2636,7,YOL012C
2637,7,YOL019W
2638,21,YOL022C
2639,14,YOL023W
2640,2,YOL030W
2641,2,YOL031C
2642,2,YOL036W
2643,3,YOL039W
2644,7,YOL048C
2645,7,YOL049W
2646,7,YOL050C
2647,21,YOL052C-A
2648,2,YOL056W
2649,3,YOL059W
2650,3,YOL060C
2651,2,YOL064C
2652,2,YOL068C
2653,17,YOL075C
2654,2,YOL076W
2655,3,YOL077W-A
2656,3,YOL080C
2657,7,YOL081W
2658,21,YOL084W
2659,21,YOL085C
2660,14,YOL091W
2661,20,YOL102C
2662,17,YOL103W
2663,8,YOL105C
2664,3,YOL109W
2665,7,YOL113W
2666,7,YOL114C
2667,13,YOL119C
2668,3,YOL120C
2669,3,YOL121C
2670,10,YOL125W
2671,10,YOL126C
2672,3,YOL128C
2673,3,YOL136C
2674,8,YOL144W
2675,8,YOL145C
2676,7,YOL148C
2677,21,YOL151W
2678,6,YOL152W
2679,7,YOL154W
2680,12,YOL155C
2681,21,YOL156W
2682,21,YOL157C
2683,21,YOL158C
2684,21,YOL159C
2685,7,YOL160W
2686,3,YOL166C
2687,21,YOR019W
2688,21,YOR023C
2689,21,YOR024W
2690,21,YOR025W
2691,21,YOR029W
2692,2,YOR045W
2693,21,YOR047C
2694,21,YOR049C
2695,21,YOR058C
2696,1,YOR064C
2697,1,YOR065W
2698,7,YOR066W
2699,7,YOR073W
2700,7,YOR074C
2701,7,YOR075W
2702,16,YOR092W
2703,3,YOR095C
2704,3,YOR096W
2705,3,YOR100C
2706,3,YOR101W
2707,3,YOR102W
2708,21,YOR107W
2709,10,YOR108W
2710,2,YOR128C
2711,2,YOR130C
2712,14,YOR138C
2713,2,YOR147W
2714,2,YOR149C
2715,14,YOR154W
2716,7,YOR162C
2717,7,YOR163W
2718,7,YOR164C
2719,7,YOR165W
2720,13,YOR173W
2721,21,YOR178C
2722,21,YOR179C
2723,3,YOR182C
2724,3,YOR183W
2725,2,YOR187W
2726,3,YOR192C-A
2727,3,YOR192C-B
2728,2,YOR205C
2729,2,YOR208W
2730,2,YOR209C
2731,20,YOR213C
2732,2,YOR221C
2733,2,YOR222W
2734,21,YOR230W
2735,3,YOR234C
2736,3,YOR235W
2737,7,YOR236W
2738,7,YOR246C
2739,7,YOR247W
2740,7,YOR248W
2741,21,YOR253W
2742,20,YOR254C
2743,20,YOR255W
2744,2,YOR262W
2745,3,YOR264W
2746,8,YOR268C
2747,8,YOR269W
2748,10,YOR271C
2749,21,YOR273C
2750,21,YOR274W
2751,7,YOR275C
2752,8,YOR280C
2753,8,YOR282W
2754,8,YOR284W
2755,3,YOR292C
2756,3,YOR293W
2757,7,YOR298C-A
2758,7,YOR299W
2759,7,YOR300W
2760,3,YOR302W
2761,3,YOR303W
2762,21,YOR306C
2763,3,YOR307C
2764,2,YOR309C
2765,21,YOR311C
2766,3,YOR312C
2767,20,YOR313C
2768,20,YOR314W
2769,21,YOR315W
2770,7,YOR316C
2771,3,YOR317W
2772,3,YOR318C
2773,3,YOR319W
2774,2,YOR322C
2775,2,YOR336W
2776,7,YOR337W
2777,3,YOR338W
2778,3,YOR342C
2779,3,YOR343C
2780,16,YOR343C-A
2781,16,YOR343C-B
2782,7,YOR344C
2783,3,YOR355W
2784,3,YOR359W
2785,7,YOR360C
2786,3,YOR365C
2787,3,YOR367W
2788,3,YOR369C
2789,7,YOR373W
2790,8,YOR378W
2791,3,YOR381W
2792,7,YOR388C
2793,7,YOR389W
2794,17,YPL011C
2795,13,YPL014W
2796,13,YPL015C
2797,3,YPL016W
2798,3,YPL017C
2799,8,YPL018W
2800,8,YPL019C
2801,7,YPL024W
2802,7,YPL025C
2803,2,YPL032C
2804,8,YPL034W
2805,2,YPL037C
2806,3,YPL050C
2807,7,YPL056C
2808,5,YPL059W
2809,5,YPL060C-A
2810,14,YPL060W
2811,21,YPL061W
2812,21,YPL062W
2813,3,YPL079W
2814,3,YPL080C
2815,7,YPL081W
2816,7,YPL082C
2817,3,YPL090C
2818,7,YPL116W
2819,7,YPL117C
2820,14,YPL123C
2821,10,YPL124W
2822,7,YPL127C
2823,20,YPL129W
2824,7,YPL132W
2825,7,YPL133C
2826,7,YPL141C
2827,3,YPL143W
2828,3,YPL144W
2829,3,YPL145C
2830,16,YPL146C
2831,3,YPL150W
2832,7,YPL155C
2833,16,YPL156C
2834,3,YPL157W
2835,3,YPL158C
2836,2,YPL159C
2837,7,YPL163C
2838,21,YPL165C
2839,5,YPL175W
2840,5,YPL176C
2841,2,YPL180W
2842,2,YPL182C
2843,2,YPL184C
2844,8,YPL188W
2845,21,YPL198W
2846,3,YPL199C
2847,2,YPL206C
2848,14,YPL207W
2849,2,YPL226W
2850,2,YPL228W
2851,2,YPL232W
2852,7,YPL242C
2853,8,YPL249C-A
2854,8,YPL251W
2855,8,YPL253C
2856,7,YPL255W
2857,17,YPL265W
2858,7,YPL267W
2859,1,YPL270W
2860,1,YPL271W
2861,7,YPL275W
2862,7,YPL276W
2863,7,YPL277C
2864,7,YPL278C
2865,3,YPL283C
2866,16,YPR002C-A
2867,7,YPR009W
2868,13,YPR013C
2869,21,YPR014C
2870,2,YPR017C
2871,1,YPR020W
2872,2,YPR026W
2873,3,YPR030W
2874,7,YPR032W
2875,7,YPR035W
2876,3,YPR042C
2877,3,YPR043W
2878,13,YPR048W
2879,2,YPR052C
2880,2,YPR053C
2881,12,YPR056W
2882,16,YPR060C
2883,2,YPR067W
2884,21,YPR072W
2885,2,YPR074C
2886,7,YPR075C
2887,2,YPR076W
2888,3,YPR080W
2889,3,YPR083W
2890,3,YPR102C
2891,6,YPR111W
2892,7,YPR113W
2893,3,YPR115W
2894,7,YPR120C
2895,6,YPR123C
2896,6,YPR124W
2897,6,YPR125W
2898,2,YPR128C
2899,2,YPR129W
2900,3,YPR131C
2901,3,YPR132W
2902,3,YPR133C
2903,3,YPR133W-A
2904,3,YPR134W
2905,3,YPR139C
2906,3,YPR140W
2907,10,YPR145W
2908,21,YPR148C
2909,7,YPR149W
2910,7,YPR151C
2911,7,YPR158W
2912,14,YPR158W-A
2913,14,YPR158W-B
2914,2,YPR163C
2915,2,YPR164W
2916,2,YPR176C
2917,3,YPR183W
2918,2,YPR186C
2919,12,YPR194C
2920,14,YPR195C
2921,16,YPR198W
2922,3,YPR202W
2923,3,YPR203W
